V1;V2
4601;4602
4601;4603
4601;4604
4601;4605
4601;4606
4601;4607
4601;4608
4601;4609
4601;4610
4601;4611
4601;4612
4601;4613
4601;4614
4601;4615
4601;4616
4601;4617
4601;4618
4601;4619
4601;4620
4601;4621
4601;4623
4601;4625
4601;4626
4601;4628
4601;4629
4601;4632
4601;4633
4601;4634
4601;4635
4601;4636
4601;4639
4601;4643
4601;4644
4601;4645
4602;4603
4602;4604
4602;4606
4602;4607
4602;4621
4602;4625
4602;4626
4602;4627
4602;4628
4602;4629
4603;4604
4603;4605
4603;4606
4603;4607
4603;4608
4603;4609
4603;4611
4603;4612
4603;4616
4603;4617
4603;4619
4603;4621
4603;4625
4603;4626
4603;4628
4603;4629
4603;4633
4603;4643
4603;4644
4603;4645
4604;4605
4604;4606
4604;4607
4604;4608
4604;4616
4604;4617
4604;4619
4604;4621
4604;4625
4604;4626
4604;4628
4604;4629
4604;4633
4604;4643
4604;4644
4604;4645
4605;4606
4605;4607
4605;4608
4605;4609
4605;4611
4605;4612
4605;4613
4605;4616
4605;4617
4605;4619
4605;4621
4605;4623
4605;4625
4605;4626
4605;4628
4605;4633
4605;4635
4605;4636
4605;4639
4605;4641
4605;4643
4605;4644
4605;4645
4606;4607
4606;4608
4606;4609
4606;4616
4606;4617
4606;4619
4606;4621
4606;4625
4606;4626
4606;4628
4606;4629
4606;4633
4606;4635
4606;4636
4606;4641
4606;4643
4606;4644
4606;4645
4607;4608
4607;4609
4607;4611
4607;4612
4607;4616
4607;4617
4607;4619
4607;4621
4607;4625
4607;4626
4607;4629
4607;4633
4607;4635
4607;4636
4607;4643
4607;4644
4607;4645
4608;4616
4608;4617
4608;4619
4608;4633
4608;4635
4608;4636
4608;4643
4608;4645
4609;4610
4609;4611
4609;4612
4609;4613
4609;4614
4609;4615
4609;4622
4609;4623
4609;4630
4609;4631
4609;4637
4609;4638
4609;4640
4610;4611
4610;4612
4610;4613
4610;4614
4610;4615
4610;4622
4610;4623
4610;4630
4610;4631
4610;4637
4610;4638
4610;4640
4611;4612
4611;4613
4611;4614
4611;4615
4611;4622
4611;4623
4611;4630
4611;4631
4611;4637
4611;4638
4611;4640
4612;4613
4612;4614
4612;4615
4612;4622
4612;4623
4612;4630
4612;4631
4612;4637
4612;4638
4612;4640
4613;4615
4613;4622
4613;4623
4613;4637
4613;4638
4613;4640
4614;4615
4614;4622
4614;4631
4614;4634
4614;4640
4615;4622
4615;4630
4615;4631
4615;4640
4616;4617
4616;4633
4616;4643
4616;4644
4616;4645
4617;4633
4617;4645
4618;4619
4618;4620
4618;4627
4618;4632
4618;4633
4618;4642
4619;4620
4619;4621
4619;4625
4619;4626
4619;4627
4619;4632
4619;4633
4619;4642
4620;4632
4620;4642
4621;4625
4621;4626
4621;4627
4621;4628
4621;4629
4621;4633
4621;4645
4622;4634
4622;4640
4623;4637
4623;4638
4625;4626
4625;4627
4625;4628
4625;4629
4625;4633
4625;4645
4626;4627
4626;4628
4626;4629
4626;4633
4626;4645
4627;4628
4627;4629
4628;4629
4630;4631
4630;4640
4631;4640
4632;4642
4633;4644
4633;4645
4634;4639
4635;4636
4636;4644
4637;4638
4639;4644
4643;4644
